{
    "case": "DAM",
    "solver": "SPH",
    "density_evolution": true,
    "dim": 2,
    "dx": 0.02,
    "dt": 0.0003,
    "t_end": 12.0,
    "viscosity": 5e-05,
    "p_bg_factor": 0.0,
    "g_ext_magnitude": 1.0,
    "artificial_alpha": 0.1,
    "free_slip": false,
    "write_every": 100,
    "is_bc_trick": true,
    "sequence_length_train": 401,
    "num_trajs_train": 50,
    "sequence_length_test": 401,
    "num_trajs_test": 25,
    "num_particles_max": 5740,
    "periodic_boundary_conditions": [
        true,
        true,
        true
    ],
    "bounds": [
        [
            0.0,
            5.585999999999999
        ],
        [
            0.0,
            2.22
        ]
    ],
    "default_connectivity_radius": 0.029,
    "vel_mean": [
        0.0040724738501012325,
        -0.0007674989756196737
    ],
    "vel_std": [
        0.0125808697193861,
        0.005147312767803669
    ],
    "acc_mean": [
        -1.4104562978900503e-05,
        1.7534126754981116e-06
    ],
    "acc_std": [
        0.0006388923502527177,
        0.0007237975369207561
    ]
}
