{
    "case": "LDC",
    "solver": "SPH",
    "density_evolution": false,
    "dim": 2,
    "dx": 0.02,
    "dt": 0.0004,
    "t_end": 850.0,
    "viscosity": 0.01,
    "p_bg_factor": 0.01,
    "g_ext_magnitude": 0.0,
    "artificial_alpha": 0.0,
    "free_slip": false,
    "write_every": 100,
    "is_bc_trick": true,
    "sequence_length_train": 10001,
    "num_trajs_train": 1,
    "sequence_length_test": 5001,
    "num_trajs_test": 1,
    "num_particles_max": 2708,
    "periodic_boundary_conditions": [
        true,
        true,
        true
    ],
    "bounds": [
        [
            0.0,
            1.12
        ],
        [
            0.0,
            1.12
        ]
    ],
    "default_connectivity_radius": 0.029,
    "vel_mean": [
        3.810489701550068e-08,
        2.9540043744447075e-09
    ],
    "vel_std": [
        0.008047536015510559,
        0.005559687502682209
    ],
    "acc_mean": [
        -1.9852286925470253e-08,
        8.149364560949834e-08
    ],
    "acc_std": [
        0.0010199063690379262,
        0.0008431701571680605
    ]
}
